FIPS,State Name,State, Food Insecurity Rate,# of Food Insecure Persons  ,Low Threshold in state,Low Threshold Type,High Threshold in state,High Threshold Type,% FI â‰¤ Low Threshold,% FI Btwn Thresholds,% FI > High Threshold, Child Food Insecurity Rate,# of Food Insecure Children ,% food insecure Children in HH w/HH Incomes Below 185 FPL ,% food insecure Children in HH w/HH Incomes Above 185 FPL , Cost Per Meal, Weighted Annual Food Budget Shortfall,Year,Year_adj,Population,Annual Food Budget Shortfall Per 100000
1,Alabama,AL,0.188006261,908770,1.3,SNAP,1.85,Other Nutrition Program,0.539454427,0.176645356,0.283900217,0.261766635,294060,0.76,0.24,2.76,444265000,2013,1/1/2013,4830081,9197878.876
2,Alaska,AK,0.142491417,104750,1.3,SNAP,1.85,Other Nutrition Program,0.41097852,0.191980907,0.397040573,0.200085165,37590,0.6,0.4,3.19,59107000,2013,1/1/2013,737068,8019205.826
4,Arizona,AZ,0.175261189,1161390,1.85,"SNAP, Other Nutrition Programs",1.85,"SNAP, Other Nutrition Programs",0.694039039,0,0.305960961,0.280350021,454460,0.72,0.28,2.73,561993000,2013,1/1/2013,6632764,8472983.51
5,Arkansas,AR,0.197430334,584270,1.3,SNAP,1.85,Other Nutrition Program,0.558320639,0.16692625,0.274975611,0.284267935,201820,0.76,0.24,2.65,273570000,2013,1/1/2013,2959400,9244103.535
6,California,CA,0.149526821,5731740,2,"SNAP, Other Nutrition Programs",2,"SNAP, Other Nutrition Programs",0.780673931,0,0.219327813,0.250650872,2316570,0.71,0.29,2.99,3037087000,2013,1/1/2013,38260787,7937858.152
8,Colorado,CO,0.139147482,733080,1.3,SNAP,1.85,Other Nutrition Program,0.490655863,0.164402248,0.344641785,0.206015154,253000,0.65,0.35,2.98,386399000,2013,1/1/2013,5269035,7333392.168
9,Connecticut,CT,0.13580065,488350,1.85,"SNAP, Other Nutrition Programs",1.85,"SNAP, Other Nutrition Programs",0.545530869,0,0.454469131,0.19027542,152990,0.59,0.41,2.93,253481000,2013,1/1/2013,3594841,7051243.713
10,Delaware,DE,0.132120045,122310,2,"SNAP, Other Nutrition Programs",2,"SNAP, Other Nutrition Programs",0.662006377,0,0.337993623,0.194108433,39780,0.71,0.29,2.9,62711000,2013,1/1/2013,923576,6790020.529
11,District of Columbia,DC,0.149957692,96940,2,"SNAP, Other Nutrition Programs",2,"SNAP, Other Nutrition Programs",0.73395915,0,0.26604085,0.304869362,32100,0.7,0.3,3.51,60267000,2013,1/1/2013,650581,9263565.951
12,Florida,FL,0.169568544,3315550,2,"SNAP, Other Nutrition Programs",2,"SNAP, Other Nutrition Programs",0.732849753,0,0.267150247,0.267485609,1071760,0.7,0.3,2.92,1714988000,2013,1/1/2013,19545621,8774282.485
13,Georgia,GA,0.187325732,1871790,1.3,SNAP,1.85,Other Nutrition Program,0.556093365,0.165755774,0.278247026,0.281667783,700870,0.73,0.27,2.75,910560000,2013,1/1/2013,9972479,9130728.678
15,Hawaii,HI,0.13812859,193940,2,"SNAP, Other Nutrition Programs",2,"SNAP, Other Nutrition Programs",0.577188821,0,0.422811179,0.224496891,68450,0.5,0.5,2.99,102567000,2013,1/1/2013,1408243,7283331.073
16,Idaho,ID,0.15558861,250830,1.3,SNAP,1.85,Other Nutrition Program,0.500737551,0.200932903,0.298369414,0.211325986,90240,0.72,0.28,2.78,123492000,2013,1/1/2013,1611206,7664569.273
17,Illinois,IL,0.136249154,1755180,1.3,SNAP,1.85,Other Nutrition Program,0.524356476,0.153984207,0.321459907,0.208345213,643040,0.69,0.31,2.54,787542000,2013,1/1/2013,12895129,6107282.835
18,Indiana,IN,0.154159962,1012970,1.3,SNAP,1.85,Other Nutrition Program,0.560984037,0.149816875,0.288883185,0.218246365,348570,0.73,0.27,2.46,440889000,2013,1/1/2013,6568713,6711954.077
19,Iowa,IA,0.125953917,389250,1.6,SNAP,1.85,Other Nutrition Program,0.523391137,0.081027617,0.395324342,0.192890698,139850,0.59,0.41,2.51,173068000,2013,1/1/2013,3092997,5595479.077
20,Kansas,KS,0.14489849,419330,1.3,SNAP,1.85,Other Nutrition Program,0.493859252,0.156726206,0.349390695,0.223162914,161740,0.67,0.33,2.68,198903000,2013,1/1/2013,2893212,6874815.949
21,Kentucky,KY,0.164341643,722330,1.3,SNAP,1.85,Other Nutrition Program,0.579375078,0.13326319,0.287375576,0.21729716,221780,0.75,0.25,2.54,324612000,2013,1/1/2013,4404659,7369741.903
22,Louisiana,LA,0.168123456,777650,1.3,SNAP,1.85,Other Nutrition Program,0.583745901,0.133569086,0.282697872,0.243319251,271500,0.72,0.28,2.73,376268000,2013,1/1/2013,4624527,8136356.432
23,Maine,ME,0.15515297,206090,1.85,"SNAP, Other Nutrition Programs",1.85,"SNAP, Other Nutrition Programs",0.650298413,0,0.349701587,0.226974601,61080,0.69,0.31,3.12,113989000,2013,1/1/2013,1328009,8583450.865
24,Maryland,MD,0.12775405,757430,2,"SNAP, Other Nutrition Programs",2,"SNAP, Other Nutrition Programs",0.594219928,0,0.405780072,0.191363686,258110,0.58,0.42,2.92,391669000,2013,1/1/2013,5923188,6612469.501
25,Massachusetts,MA,0.114682532,767550,2,"SNAP, Other Nutrition Programs",2,"SNAP, Other Nutrition Programs",0.641352355,0,0.358647645,0.164873406,232150,0.64,0.36,3.05,414876000,2013,1/1/2013,6713315,6179897.711
26,Michigan,MI,0.164053356,1623410,2,"SNAP, Other Nutrition Programs",2,"SNAP, Other Nutrition Programs",0.739147843,0,0.260852157,0.208568185,480490,0.7,0.3,2.57,737256000,2013,1/1/2013,9913065,7437215.432
27,Minnesota,MN,0.105667868,572760,1.65,SNAP,1.85,Other Nutrition Program,0.590037712,0.058069698,0.35189259,0.160147769,205050,0.67,0.33,2.74,277568000,2013,1/1/2013,5413479,5127349.714
28,Mississippi,MS,0.227249401,679750,1.3,SNAP,1.85,Other Nutrition Program,0.597675616,0.150452372,0.251872012,0.290208632,217220,0.75,0.25,2.79,335570000,2013,1/1/2013,2988711,11227917.32
29,Missouri,MO,0.170417084,1030030,1.3,SNAP,1.85,Other Nutrition Program,0.516916983,0.174800734,0.308369659,0.215711613,304810,0.69,0.31,2.6,474080000,2013,1/1/2013,6040715,7848077.587
30,Montana,MT,0.142282289,144440,2,"SNAP, Other Nutrition Programs",2,"SNAP, Other Nutrition Programs",0.668997508,0,0.331002492,0.220784164,49300,0.64,0.36,2.73,69699000,2013,1/1/2013,1013569,6876591.53
31,Nebraska,NE,0.132169058,246960,1.3,SNAP,1.85,Other Nutrition Program,0.462018141,0.145934564,0.392006803,0.210990272,97080,0.66,0.34,2.63,115138000,2013,1/1/2013,1865279,6172695.881
32,Nevada,NV,0.158124909,441190,2,"SNAP, Other Nutrition Programs",2,"SNAP, Other Nutrition Programs",0.751263628,0,0.248736372,0.267056354,176810,0.7,0.3,2.77,216105000,2013,1/1/2013,2775970,7784846.378
33,New Hampshire,NH,0.108201312,143200,1.85,"SNAP, Other Nutrition Programs",1.85,"SNAP, Other Nutrition Programs",0.53547486,0,0.46452514,0.15014598,42170,0.57,0.43,2.96,75067000,2013,1/1/2013,1326622,5658507.095
34,New Jersey,NJ,0.12380133,1101750,1.85,"SNAP, Other Nutrition Programs",1.85,"SNAP, Other Nutrition Programs",0.640726118,0,0.359273882,0.182855943,374350,0.65,0.35,2.9,564887000,2013,1/1/2013,8856972,6377879.483
35,New Mexico,NM,0.173079293,360920,1.65,SNAP,1.85,Other Nutrition Program,0.712734124,0.05854483,0.22941372,0.282699264,145280,0.76,0.24,2.66,170231000,2013,1/1/2013,2092273,8136175.346
36,New York,NY,0.139428136,2739920,2,"SNAP, Other Nutrition Programs",2,"SNAP, Other Nutrition Programs",0.732751321,0,0.267248679,0.218738253,938610,0.69,0.31,2.86,1385728000,2013,1/1/2013,19624447,7061233.369
37,North Carolina,NC,0.182974109,1801940,2,"SNAP, Other Nutrition Programs",2,"SNAP, Other Nutrition Programs",0.73037948,0,0.26962052,0.260887325,595240,0.73,0.27,2.73,870957000,2013,1/1/2013,9843336,8848189.272
38,North Dakota,ND,0.07800739,56430,2,"SNAP, Other Nutrition Programs",2,"SNAP, Other Nutrition Programs",0.625022151,0,0.374977849,0.109054514,16780,0.58,0.42,2.75,27479000,2013,1/1/2013,722036,3805765.917
39,Ohio,OH,0.168690034,1951880,1.3,SNAP,1.85,Other Nutrition Program,0.540120294,0.134864848,0.325076337,0.242379302,653410,0.69,0.31,2.56,885586000,2013,1/1/2013,11576684,7649738.042
40,Oklahoma,OK,0.170011281,654640,1.3,SNAP,1.85,Other Nutrition Program,0.521294146,0.168565929,0.309956617,0.259782608,242990,0.69,0.31,2.71,314445000,2013,1/1/2013,3853214,8160590.094
41,Oregon,OR,0.157513934,619040,1.85,"SNAP, Other Nutrition Programs",1.85,"SNAP, Other Nutrition Programs",0.745153787,0,0.254846213,0.25917095,223480,0.69,0.31,2.77,303578000,2013,1/1/2013,3922468,7739464.031
42,Pennsylvania,PA,0.141591371,1808660,1.6,SNAP,1.85,Other Nutrition Program,0.561819247,0.076310639,0.361914345,0.204479093,564440,0.67,0.33,2.79,892571000,2013,1/1/2013,12776309,6986141.303
44,Rhode Island,RI,0.144401723,151840,1.85,"SNAP, Other Nutrition Programs",1.85,"SNAP, Other Nutrition Programs",0.628227081,0,0.371772919,0.217250826,47740,0.71,0.29,2.88,77449000,2013,1/1/2013,1055081,7340573.852
45,South Carolina,SC,0.170594234,814560,1.3,SNAP,1.85,Other Nutrition Program,0.56908024,0.17480603,0.25572088,0.25165952,271560,0.72,0.28,2.64,381318000,2013,1/1/2013,4764080,8004021.763
46,South Dakota,SD,0.124420478,105120,1.3,SNAP,1.85,Other Nutrition Program,0.507990868,0.142028158,0.349980974,0.196100519,40040,0.65,0.35,2.79,51928000,2013,1/1/2013,842316,6164907.232
47,Tennessee,TN,0.170539371,1107820,1.3,SNAP,1.85,Other Nutrition Program,0.561065877,0.175660306,0.263490459,0.254415834,379780,0.74,0.26,2.78,545632000,2013,1/1/2013,6494340,8401654.364
48,Texas,TX,0.175939808,4653290,1.65,SNAP,1.85,Other Nutrition Program,0.645139246,0.054873004,0.30005437,0.274272236,1899310,0.7,0.3,2.45,2019234000,2013,1/1/2013,26480266,7625429.442
49,Utah,UT,0.145963007,423420,1.3,SNAP,1.85,Other Nutrition Program,0.466251004,0.172830759,0.360918237,0.203672541,179130,0.6,0.4,2.63,197059000,2013,1/1/2013,2897640,6800672.271
50,Vermont,VT,0.135662193,85010,1.85,"SNAP, Other Nutrition Programs",1.85,"SNAP, Other Nutrition Programs",0.638983649,0,0.361016351,0.19211636,24330,0.65,0.35,3.13,47139000,2013,1/1/2013,626210,7527666.438
51,Virginia,VA,0.118959058,982650,1.3,SNAP,1.85,Other Nutrition Program,0.494163741,0.172279041,0.333414746,0.167784295,311410,0.65,0.35,2.92,508665000,2013,1/1/2013,8252427,6163823.079
53,Washington,WA,0.146010719,1017900,2,"SNAP, Other Nutrition Programs",2,"SNAP, Other Nutrition Programs",0.693309755,0,0.306690245,0.231213326,366450,0.65,0.35,2.83,509330000,2013,1/1/2013,6963985,7313772.215
54,West Virginia,WV,0.157741126,292500,1.3,SNAP,1.85,Other Nutrition Program,0.519760684,0.142358974,0.338188034,0.233355748,89880,0.67,0.33,2.59,133967000,2013,1/1/2013,1853914,7226171.225
55,Wisconsin,WI,0.124331479,714000,2,"SNAP, Other Nutrition Programs",2,"SNAP, Other Nutrition Programs",0.703445378,0,0.296568627,0.204098573,270460,0.67,0.33,2.56,323421000,2013,1/1/2013,5736754,5637700.344
56,Wyoming,WY,0.127810826,74470,1.3,SNAP,1.85,Other Nutrition Program,0.407009534,0.154021754,0.438968712,0.186333583,25420,0.54,0.46,2.92,38447000,2013,1/1/2013,582122,6604629.27
1,Alabama,AL,0.188,911440,1.3,SNAP,1.85,Other Nutrition Program,0.532816203,0.163170368,0.304178004,0.264,292330,0.73,0.27,2.9,466367000,2014,1/1/2014,4841799,9632101.622
2,Alaska,AK,0.144,105770,1.3,SNAP,1.85,Other Nutrition Program,0.445022218,0.150987993,0.403989789,0.204,38080,0.58,0.42,3.33,62181000,2014,1/1/2014,736283,8445258.141
4,Arizona,AZ,0.171,1150650,1.85,"SNAP, Other Nutrition Programs",1.85,"SNAP, Other Nutrition Programs",0.669586755,,0.330413245,0.268,434840,0.68,0.32,2.78,563767000,2014,1/1/2014,6730413,8376410.185
5,Arkansas,AR,0.191,567250,1.3,SNAP,1.85,Other Nutrition Program,0.533627149,0.164812693,0.302053768,0.263,185660,0.72,0.28,2.72,272668000,2014,1/1/2014,2967392,9188809.567
6,California,CA,0.139,5401770,2,"SNAP, Other Nutrition Programs",2,"SNAP, Other Nutrition Programs",0.78553326,,0.214474145,0.229,2099120,0.68,0.32,3.04,2896128000,2014,1/1/2014,38596972,7503510.897
8,Colorado,CO,0.129,692840,1.3,SNAP,1.85,Other Nutrition Program,0.476589111,0.156414179,0.366910109,0.181,226350,0.64,0.36,3.04,372418000,2014,1/1/2014,5350101,6960952.7
9,Connecticut,CT,0.131,472540,1.85,"SNAP, Other Nutrition Programs",1.85,"SNAP, Other Nutrition Programs",0.556545478,,0.443454522,0.181,140290,0.62,0.38,3.06,254876000,2014,1/1/2014,3594524,7090674.593
10,Delaware,DE,0.126,117970,2,"SNAP, Other Nutrition Programs",2,"SNAP, Other Nutrition Programs",0.643044842,,0.357039925,0.178,36380,0.67,0.33,2.99,62194000,2014,1/1/2014,932487,6669690.838
11,District of Columbia,DC,0.138,90900,2,"SNAP, Other Nutrition Programs",2,"SNAP, Other Nutrition Programs",0.731023102,,0.268976898,0.259,29820,0.68,0.32,3.49,56025000,2014,1/1/2014,662328,8458799.87
12,Florida,FL,0.162,3227600,2,"SNAP, Other Nutrition Programs",2,"SNAP, Other Nutrition Programs",0.746003222,,0.254009171,0.249,1007870,0.7,0.3,3.07,1749270000,2014,1/1/2014,19845911,8814259.018
13,Georgia,GA,0.177,1783450,1.3,SNAP,1.85,Other Nutrition Program,0.539336679,0.157083181,0.303591354,0.261,650970,0.7,0.3,2.84,895589000,2014,1/1/2014,10067278,8896039.227
15,Hawaii,HI,0.137,194610,2,"SNAP, Other Nutrition Programs",2,"SNAP, Other Nutrition Programs",0.570268743,,0.429731257,0.22,67690,0.47,0.53,3.1,106454000,2014,1/1/2014,1414538,7525708.04
16,Idaho,ID,0.147,241080,1.3,SNAP,1.85,Other Nutrition Program,0.491828439,0.18939771,0.318773851,0.193,83110,0.67,0.33,2.86,121650000,2014,1/1/2014,1631112,7458102.203
17,Illinois,IL,0.129,1658280,1.65,SNAP,1.85,Other Nutrition Program,0.640856791,0.029596932,0.329636732,0.195,583000,0.67,0.33,2.64,771485000,2014,1/1/2014,12884493,5987701.65
18,Indiana,IN,0.153,1009710,1.3,SNAP,1.85,Other Nutrition Program,0.535638946,0.144487031,0.319913639,0.212,335410,0.7,0.3,2.56,456939000,2014,1/1/2014,6593644,6929991.974
19,Iowa,IA,0.124,384830,1.6,SNAP,1.85,Other Nutrition Program,0.529714419,0.050385885,0.419899696,0.178,129270,0.57,0.43,2.62,177919000,2014,1/1/2014,3109350,5722064.097
20,Kansas,KS,0.142,413560,1.3,SNAP,1.85,Other Nutrition Program,0.480776671,0.150498114,0.368483412,0.213,153940,0.66,0.34,2.77,202219000,2014,1/1/2014,2900475,6971927.012
21,Kentucky,KY,0.168,743310,1.3,SNAP,1.85,Other Nutrition Program,0.573381227,0.128708076,0.29840847,0.219,222380,0.75,0.25,2.64,346164000,2014,1/1/2014,4414349,7841790.488
22,Louisiana,LA,0.173,804500,1.3,SNAP,1.85,Other Nutrition Program,0.566252331,0.129098819,0.30468614,0.245,272760,0.7,0.3,2.82,399842000,2014,1/1/2014,4644013,8609838.086
23,Maine,ME,0.153,202910,1.85,"SNAP, Other Nutrition Programs",1.85,"SNAP, Other Nutrition Programs",0.607215021,,0.392784979,0.233,60010,0.64,0.36,3.27,117204000,2014,1/1/2014,1330513,8808933.096
24,Maryland,MD,0.127,760300,2,"SNAP, Other Nutrition Programs",2,"SNAP, Other Nutrition Programs",0.612363541,,0.387662765,0.183,247560,0.59,0.41,2.94,395238000,2014,1/1/2014,5957283,6634534.569
25,Massachusetts,MA,0.111,745470,2,"SNAP, Other Nutrition Programs",2,"SNAP, Other Nutrition Programs",0.666921539,,0.333091875,0.151,210050,0.63,0.37,3.17,417299000,2014,1/1/2014,6762596,6170692.438
26,Michigan,MI,0.157,1559020,2,"SNAP, Other Nutrition Programs",2,"SNAP, Other Nutrition Programs",0.747565779,,0.252434221,0.197,437100,0.68,0.32,2.7,744203000,2014,1/1/2014,9929848,7494606.161
27,Minnesota,MN,0.104,568770,1.65,SNAP,1.85,Other Nutrition Program,0.58941224,0.033387837,0.377182341,0.152,195660,0.65,0.35,2.88,288846000,2014,1/1/2014,5451079,5298877.525
28,Mississippi,MS,0.223,667040,1.3,SNAP,1.85,Other Nutrition Program,0.55119633,0.153484049,0.295304629,0.274,200600,0.73,0.27,2.88,338917000,2014,1/1/2014,2990468,11333242.82
29,Missouri,MO,0.168,1019350,1.3,SNAP,1.85,Other Nutrition Program,0.500132437,0.165389709,0.334507284,0.208,289210,0.66,0.34,2.67,480486000,2014,1/1/2014,6056202,7933784.243
30,Montana,MT,0.136,139140,2,"SNAP, Other Nutrition Programs",2,"SNAP, Other Nutrition Programs",0.695989651,,0.304010349,0.201,45110,0.63,0.37,2.83,69518000,2014,1/1/2014,1021869,6803024.654
31,Nebraska,NE,0.13,245160,1.3,SNAP,1.85,Other Nutrition Program,0.434002284,0.132688856,0.432982542,0.197,92230,0.61,0.39,2.75,118963000,2014,1/1/2014,1879321,6330105.394
32,Nevada,NV,0.149,423210,2,"SNAP, Other Nutrition Programs",2,"SNAP, Other Nutrition Programs",0.777888046,,0.222111954,0.243,161260,0.68,0.32,2.9,216359000,2014,1/1/2014,2817628,7678763.84
33,New Hampshire,NH,0.105,139730,1.85,"SNAP, Other Nutrition Programs",1.85,"SNAP, Other Nutrition Programs",0.511343305,,0.488656695,0.155,41350,0.55,0.45,3.1,76411000,2014,1/1/2014,1333341,5730792.048
34,New Jersey,NJ,0.118,1051880,1.85,"SNAP, Other Nutrition Programs",1.85,"SNAP, Other Nutrition Programs",0.640396243,,0.359613264,0.168,338690,0.65,0.35,2.98,552797000,2014,1/1/2014,8864525,6236058.898
35,New Mexico,NM,0.172,358770,1.65,SNAP,1.85,Other Nutrition Program,0.710371547,0.03832539,0.251303063,0.272,136070,0.75,0.25,2.77,175620000,2014,1/1/2014,2089568,8404608.034
36,New York,NY,0.135,2672460,2,"SNAP, Other Nutrition Programs",2,"SNAP, Other Nutrition Programs",0.750941081,,0.249070145,0.209,884170,0.68,0.32,2.97,1400548000,2014,1/1/2014,19651049,7127090.264
37,North Carolina,NC,0.177,1764800,2,"SNAP, Other Nutrition Programs",2,"SNAP, Other Nutrition Programs",0.743919991,,0.256080009,0.246,564240,0.72,0.28,2.81,875736000,2014,1/1/2014,9932887,8816530.38
38,North Dakota,ND,0.08,59320,2,"SNAP, Other Nutrition Programs",2,"SNAP, Other Nutrition Programs",0.596089009,,0.404079568,0.114,19070,0.55,0.45,2.92,30599000,2014,1/1/2014,737401,4149573.977
39,Ohio,OH,0.168,1943340,1.3,SNAP,1.85,Other Nutrition Program,0.523480194,0.129246555,0.347232085,0.238,628580,0.67,0.33,2.66,911848000,2014,1/1/2014,11602700,7858929.387
40,Oklahoma,OK,0.168,652090,1.3,SNAP,1.85,Other Nutrition Program,0.498688831,0.156236102,0.344937049,0.238,226390,0.65,0.35,2.78,320603000,2014,1/1/2014,3878187,8266826.741
41,Oregon,OR,0.152,605100,1.85,"SNAP, Other Nutrition Programs",1.85,"SNAP, Other Nutrition Programs",0.740489175,,0.259527351,0.245,210290,0.68,0.32,2.84,303833000,2014,1/1/2014,3963244,7666270.358
42,Pennsylvania,PA,0.138,1760450,1.6,SNAP,1.85,Other Nutrition Program,0.577102445,0.053014854,0.369842938,0.193,521750,0.65,0.35,2.88,895714000,2014,1/1/2014,12788313,7004160.752
44,Rhode Island,RI,0.14,147460,1.85,"SNAP, Other Nutrition Programs",1.85,"SNAP, Other Nutrition Programs",0.639292011,,0.360775804,0.203,43210,0.7,0.3,2.93,76405000,2014,1/1/2014,1055936,7235760.501
45,South Carolina,SC,0.164,794590,1.3,SNAP,1.85,Other Nutrition Program,0.56390088,0.158912143,0.276746498,0.234,253340,0.71,0.29,2.8,393252000,2014,1/1/2014,4823617,8152637.326
46,South Dakota,SD,0.124,105880,1.3,SNAP,1.85,Other Nutrition Program,0.460049112,0.132036267,0.408009067,0.185,39030,0.63,0.37,2.92,54553000,2014,1/1/2014,849129,6424583.308
47,Tennessee,TN,0.169,1103580,1.3,SNAP,1.85,Other Nutrition Program,0.56043966,0.164546295,0.274696896,0.24,357920,0.72,0.28,2.89,562556000,2014,1/1/2014,6541223,8600165.443
48,Texas,TX,0.17,4578670,1.65,SNAP,1.85,Other Nutrition Program,0.636438092,0.044650521,0.318955068,0.256,1821820,0.67,0.33,2.53,2045312000,2014,1/1/2014,26964333,7585249.745
49,Utah,UT,0.142,416670,1.3,SNAP,1.85,Other Nutrition Program,0.437636499,0.158614731,0.403508772,0.182,164440,0.55,0.45,2.78,204334000,2014,1/1/2014,2936879,6957521.914
50,Vermont,VT,0.135,84870,1.85,"SNAP, Other Nutrition Programs",1.85,"SNAP, Other Nutrition Programs",0.603039943,,0.396960057,0.191,23310,0.59,0.41,3.28,49174000,2014,1/1/2014,625214,7865146.974
51,Virginia,VA,0.118,983880,1.3,SNAP,1.85,Other Nutrition Program,0.486167012,0.168994186,0.344960768,0.16,299050,0.64,0.36,3.01,523149000,2014,1/1/2014,8310993,6294662.984
53,Washington,WA,0.137,970150,2,"SNAP, Other Nutrition Programs",2,"SNAP, Other Nutrition Programs",0.694449312,,0.305560996,0.21,337320,0.61,0.39,2.9,497509000,2014,1/1/2014,7054655,7052208.79
54,West Virginia,WV,0.153,282900,1.3,SNAP,1.85,Other Nutrition Program,0.514245316,0.137363026,0.348320961,0.215,82220,0.68,0.32,2.68,133864000,2014,1/1/2014,1849489,7237891.115
55,Wisconsin,WI,0.119,687370,2,"SNAP, Other Nutrition Programs",2,"SNAP, Other Nutrition Programs",0.708788571,,0.291211429,0.191,248570,0.64,0.36,2.66,322748000,2014,1/1/2014,5751525,5611520.423
56,Wyoming,WY,0.126,73400,1.3,SNAP,1.85,Other Nutrition Program,0.426975477,0.14400545,0.428065395,0.168,23130,0.57,0.43,3.04,39387000,2014,1/1/2014,582531,6761356.906
1,Alabama,AL,0.177,859380,1.3,SNAP,1.85,Other Nutrition Program,0.539156136,0.179408411,0.281586725,0.241,267040,0.73,0.27,2.92,450670000,2015,1/1/2015,4852347,9287670.482
2,Alaska,AK,0.139,102670,1.3,SNAP,1.85,Other Nutrition Program,0.437031265,0.175026785,0.389013344,0.196,36560,0.61,0.39,3.41,62743000,2015,1/1/2015,737498,8507548.495
4,Arizona,AZ,0.158,1078190,1.85,"SNAP, Other Nutrition Programs",1.85,"SNAP, Other Nutrition Programs",0.693310084,,0.306689916,0.24,389850,0.69,0.31,2.81,543084000,2015,1/1/2015,6829676,7951826.705
5,Arkansas,AR,0.184,549070,1.3,SNAP,1.85,Other Nutrition Program,0.557415266,0.174076165,0.268708908,0.25,176710,0.72,0.28,2.72,267757000,2015,1/1/2015,2978048,8991023.65
6,California,CA,0.125,4885220,2,"SNAP, Other Nutrition Programs",2,"SNAP, Other Nutrition Programs",0.769588678,,0.230413369,0.207,1890050,0.68,0.32,3.14,2750484000,2015,1/1/2015,38918045,7067374.53
8,Colorado,CO,0.122,665220,1.3,SNAP,1.85,Other Nutrition Program,0.466567451,0.169793452,0.363639097,0.165,207650,0.63,0.37,3.09,368403000,2015,1/1/2015,5450623,6758915.449
9,Connecticut,CT,0.122,437530,1.85,"SNAP, Other Nutrition Programs",1.85,"SNAP, Other Nutrition Programs",0.578360341,,0.421662515,0.167,127400,0.6,0.4,3.12,244830000,2015,1/1/2015,3587122,6825248.765
10,Delaware,DE,0.121,114060,2,"SNAP, Other Nutrition Programs",2,"SNAP, Other Nutrition Programs",0.665965281,,0.334034719,0.173,35310,0.7,0.3,3.04,62102000,2015,1/1/2015,941252,6597808.026
11,District of Columbia,DC,0.126,84540,2,"SNAP, Other Nutrition Programs",2,"SNAP, Other Nutrition Programs",0.737047551,,0.262952449,0.236,27800,0.72,0.28,3.61,54660000,2015,1/1/2015,675400,8092981.937
12,Florida,FL,0.151,3056280,2,"SNAP, Other Nutrition Programs",2,"SNAP, Other Nutrition Programs",0.733450469,,0.266559347,0.227,930730,0.71,0.29,3.11,1702052000,2015,1/1/2015,20209042,8422230.01
13,Georgia,GA,0.162,1659710,1.3,SNAP,1.85,Other Nutrition Program,0.542167005,0.187213429,0.270505088,0.232,580830,0.71,0.29,2.88,858223000,2015,1/1/2015,10178447,8431767.636
15,Hawaii,HI,0.128,182600,2,"SNAP, Other Nutrition Programs",2,"SNAP, Other Nutrition Programs",0.53713034,,0.462924425,0.201,62600,0.44,0.56,3.23,105633000,2015,1/1/2015,1422052,7428209.376
16,Idaho,ID,0.14,232180,1.3,SNAP,1.85,Other Nutrition Program,0.482125937,0.225213197,0.293694547,0.176,76070,0.67,0.33,2.92,121760000,2015,1/1/2015,1651059,7374660.748
17,Illinois,IL,0.117,1506060,1.65,SNAP,1.85,Other Nutrition Program,0.637889593,0.055528996,0.306654449,0.173,513270,0.68,0.32,2.72,735098000,2015,1/1/2015,12858913,5716641.834
18,Indiana,IN,0.144,950720,1.3,SNAP,1.85,Other Nutrition Program,0.537550488,0.172374621,0.290558734,0.191,301990,0.72,0.28,2.61,445335000,2015,1/1/2015,6608422,6738900.754
19,Iowa,IA,0.12,376240,1.6,SNAP,1.85,Other Nutrition Program,0.538060812,0.078912396,0.383319158,0.167,121550,0.6,0.4,2.67,179954000,2015,1/1/2015,3120960,5765982.262
20,Kansas,KS,0.132,385000,1.3,SNAP,1.85,Other Nutrition Program,0.484077922,0.170311688,0.34587013,0.192,138480,0.65,0.35,2.84,195772000,2015,1/1/2015,2909011,6729847.36
21,Kentucky,KY,0.158,699590,1.3,SNAP,1.85,Other Nutrition Program,0.575994511,0.151374376,0.272845524,0.2,202050,0.74,0.26,2.67,334999000,2015,1/1/2015,4425976,7568929.429
22,Louisiana,LA,0.169,789330,1.3,SNAP,1.85,Other Nutrition Program,0.575234693,0.150963475,0.273801832,0.234,261230,0.72,0.28,2.81,397791000,2015,1/1/2015,4664628,8527818.295
23,Maine,ME,0.148,196210,1.85,"SNAP, Other Nutrition Programs",1.85,"SNAP, Other Nutrition Programs",0.629682483,,0.370368483,0.214,54830,0.64,0.36,3.31,116402000,2015,1/1/2015,1328262,8763481.903
24,Maryland,MD,0.114,682280,2,"SNAP, Other Nutrition Programs",2,"SNAP, Other Nutrition Programs",0.619760216,,0.380239784,0.163,220010,0.59,0.41,3.03,370097000,2015,1/1/2015,5985562,6183162.082
25,Massachusetts,MA,0.103,701630,2,"SNAP, Other Nutrition Programs",2,"SNAP, Other Nutrition Programs",0.668514744,,0.331513761,0.135,187290,0.68,0.32,3.25,408919000,2015,1/1/2015,6794228,6018623.455
26,Michigan,MI,0.151,1493790,2,"SNAP, Other Nutrition Programs",2,"SNAP, Other Nutrition Programs",0.73924715,,0.26075285,0.18,397070,0.7,0.3,2.76,739172000,2015,1/1/2015,9931715,7442541.394
27,Minnesota,MN,0.099,540820,1.65,SNAP,1.85,Other Nutrition Program,0.602363078,0.060593173,0.336914315,0.138,177080,0.7,0.3,2.91,282661000,2015,1/1/2015,5482032,5156135.535
28,Mississippi,MS,0.215,643390,1.3,SNAP,1.85,Other Nutrition Program,0.575249848,0.170518659,0.254247035,0.263,191750,0.75,0.25,2.88,332456000,2015,1/1/2015,2988471,11124618.58
29,Missouri,MO,0.156,947900,1.3,SNAP,1.85,Other Nutrition Program,0.503998312,0.186728558,0.30926258,0.186,258610,0.66,0.34,2.73,464284000,2015,1/1/2015,6071732,7646648.436
30,Montana,MT,0.13,133810,2,"SNAP, Other Nutrition Programs",2,"SNAP, Other Nutrition Programs",0.666018982,,0.333981018,0.188,42480,0.6,0.4,2.86,68716000,2015,1/1/2015,1030475,6668381.086
31,Nebraska,NE,0.123,233350,1.3,SNAP,1.85,Other Nutrition Program,0.447610885,0.158988644,0.393786158,0.183,85970,0.61,0.39,2.77,115937000,2015,1/1/2015,1891277,6130090.939
32,Nevada,NV,0.137,394910,2,"SNAP, Other Nutrition Programs",2,"SNAP, Other Nutrition Programs",0.749487225,,0.250512775,0.224,149460,0.66,0.34,2.98,210694000,2015,1/1/2015,2866939,7349092.534
33,New Hampshire,NH,0.097,128910,1.85,"SNAP, Other Nutrition Programs",1.85,"SNAP, Other Nutrition Programs",0.500969669,,0.499030331,0.129,33940,0.51,0.49,3.16,73100000,2015,1/1/2015,1336350,5470123.845
34,New Jersey,NJ,0.108,971920,1.85,"SNAP, Other Nutrition Programs",1.85,"SNAP, Other Nutrition Programs",0.688451724,,0.311548276,0.149,298010,0.68,0.32,3.04,530406000,2015,1/1/2015,8867949,5981157.537
35,New Mexico,NM,0.16,332610,1.65,SNAP,1.85,Other Nutrition Program,0.70935931,0.061333093,0.22897688,0.25,124980,0.73,0.27,2.79,166502000,2015,1/1/2015,2089291,7969306.334
36,New York,NY,0.126,2502250,2,"SNAP, Other Nutrition Programs",2,"SNAP, Other Nutrition Programs",0.742671596,,0.257348386,0.194,819460,0.67,0.33,3.06,1371215000,2015,1/1/2015,19654666,6976536.767
37,North Carolina,NC,0.165,1659050,2,"SNAP, Other Nutrition Programs",2,"SNAP, Other Nutrition Programs",0.747258974,,0.252753082,0.226,516120,0.73,0.27,2.84,844234000,2015,1/1/2015,10031646,8415707.652
38,North Dakota,ND,0.077,58030,2,"SNAP, Other Nutrition Programs",2,"SNAP, Other Nutrition Programs",0.601068413,,0.398931587,0.094,16130,0.54,0.46,2.94,30625000,2015,1/1/2015,754066,4061315.588
39,Ohio,OH,0.16,1852870,1.3,SNAP,1.85,Other Nutrition Program,0.522421972,0.155429145,0.322326985,0.219,575020,0.67,0.33,2.72,903221000,2015,1/1/2015,11617527,7774640.851
40,Oklahoma,OK,0.162,632030,1.3,SNAP,1.85,Other Nutrition Program,0.51065614,0.176035948,0.313703463,0.226,216980,0.66,0.34,2.82,320046000,2015,1/1/2015,3909500,8186366.543
41,Oregon,OR,0.142,572790,1.85,"SNAP, Other Nutrition Programs",1.85,"SNAP, Other Nutrition Programs",0.743605859,,0.256394141,0.225,194070,0.65,0.35,2.91,298910000,2015,1/1/2015,4015792,7443363.601
42,Pennsylvania,PA,0.131,1674420,1.6,SNAP,1.85,Other Nutrition Program,0.571427718,0.078761601,0.349900264,0.179,482130,0.67,0.33,2.93,880598000,2015,1/1/2015,12784826,6887837.191
44,Rhode Island,RI,0.125,132090,1.85,"SNAP, Other Nutrition Programs",1.85,"SNAP, Other Nutrition Programs",0.682867742,,0.31728367,0.181,38430,0.71,0.29,3.04,71928000,2015,1/1/2015,1056065,6810944.402
45,South Carolina,SC,0.153,746810,1.3,SNAP,1.85,Other Nutrition Program,0.552242204,0.189338654,0.258727119,0.207,225550,0.69,0.31,2.83,378951000,2015,1/1/2015,4891938,7746439.141
46,South Dakota,SD,0.121,104140,1.3,SNAP,1.85,Other Nutrition Program,0.485020165,0.149030152,0.366045708,0.18,37670,0.64,0.36,2.94,54897000,2015,1/1/2015,853988,6428310.468
47,Tennessee,TN,0.154,1016420,1.3,SNAP,1.85,Other Nutrition Program,0.558420732,0.190374058,0.251106826,0.211,315370,0.73,0.27,2.94,535957000,2015,1/1/2015,6591170,8131439.486
48,Texas,TX,0.157,4320050,1.65,SNAP,1.85,Other Nutrition Program,0.633383873,0.056140554,0.310496406,0.238,1713430,0.66,0.34,2.59,2007143000,2015,1/1/2015,27470056,7306657.839
49,Utah,UT,0.131,391610,1.3,SNAP,1.85,Other Nutrition Program,0.440131764,0.187788872,0.372053829,0.164,149790,0.57,0.43,2.79,195913000,2015,1/1/2015,2981835,6570215.991
50,Vermont,VT,0.119,74600,1.85,"SNAP, Other Nutrition Programs",1.85,"SNAP, Other Nutrition Programs",0.649061662,,0.351072386,0.157,18820,0.62,0.38,3.39,45311000,2015,1/1/2015,625216,7247255.349
51,Virginia,VA,0.112,935480,1.3,SNAP,1.85,Other Nutrition Program,0.487578569,0.184707316,0.32786377,0.144,268670,0.64,0.36,3.03,508587000,2015,1/1/2015,8361808,6082261.157
53,Washington,WA,0.128,915550,2,"SNAP, Other Nutrition Programs",2,"SNAP, Other Nutrition Programs",0.694391349,,0.305608651,0.19,306560,0.64,0.36,2.98,489610000,2015,1/1/2015,7163657,6834637.672
54,West Virginia,WV,0.149,275280,1.3,SNAP,1.85,Other Nutrition Program,0.526845394,0.170190352,0.302274048,0.208,79050,0.68,0.32,2.68,132485000,2015,1/1/2015,1842050,7192258.625
55,Wisconsin,WI,0.11,633170,2,"SNAP, Other Nutrition Programs",2,"SNAP, Other Nutrition Programs",0.700680702,,0.299319298,0.17,219280,0.65,0.35,2.71,307507000,2015,1/1/2015,5760940,5337792.096
56,Wyoming,WY,0.123,72260,1.3,SNAP,1.85,Other Nutrition Program,0.419042347,0.17104899,0.410047052,0.169,23550,0.56,0.44,3.01,38980000,2015,1/1/2015,585613,6656272.999
1,Alabama,AL,0.165,800620,1.3,SNAP,1.85,Other Nutrition Program,0.52809073,0.162636457,0.308960556,0.225,247140,0.71,0.29,2.97,406639000,2016,1/1/2016,4863525,8360993.312
2,Alaska,AK,0.134,99650,1.3,SNAP,1.85,Other Nutrition Program,0.425990968,0.1510286,0.422980432,0.186,34800,0.58,0.42,3.44,58525000,2016,1/1/2016,741456,7893253.275
4,Arizona,AZ,0.149,1033590,1.85,"SNAP, Other Nutrition Programs",1.85,"SNAP, Other Nutrition Programs",0.668301744,,0.331736956,0.227,370960,0.68,0.32,2.87,506275000,2016,1/1/2016,6941072,7293902.152
5,Arkansas,AR,0.172,515270,1.3,SNAP,1.85,Other Nutrition Program,0.540279853,0.159372756,0.30042502,0.232,163800,0.72,0.28,2.8,246776000,2016,1/1/2016,2989918,8253604.279
6,California,CA,0.117,4574710,2,"SNAP, Other Nutrition Programs",2,"SNAP, Other Nutrition Programs",0.768564565,,0.231444179,0.19,1731270,0.67,0.33,3.16,2473458000,2016,1/1/2016,39167117,6315139.304
8,Colorado,CO,0.113,627480,1.3,SNAP,1.85,Other Nutrition Program,0.471632562,0.145566393,0.382960413,0.151,190780,0.61,0.39,3.19,342520000,2016,1/1/2016,5539215,6183547.669
9,Connecticut,CT,0.116,414730,1.85,"SNAP, Other Nutrition Programs",1.85,"SNAP, Other Nutrition Programs",0.566657826,,0.433342174,0.156,117380,0.63,0.37,3.19,226249000,2016,1/1/2016,3578141,6323087.883
10,Delaware,DE,0.12,114370,2,"SNAP, Other Nutrition Programs",2,"SNAP, Other Nutrition Programs",0.643000787,,0.356999213,0.168,34240,0.64,0.36,3.12,60902000,2016,1/1/2016,948921,6418026.369
11,District of Columbia,DC,0.124,84380,2,"SNAP, Other Nutrition Programs",2,"SNAP, Other Nutrition Programs",0.721972031,,0.278027969,0.222,26800,0.69,0.31,3.67,52881000,2016,1/1/2016,685815,7710679.994
12,Florida,FL,0.139,2871650,2,"SNAP, Other Nutrition Programs",2,"SNAP, Other Nutrition Programs",0.722852715,,0.277154249,0.207,857150,0.69,0.31,3.17,1557049000,2016,1/1/2016,20613477,7553548.584
13,Georgia,GA,0.151,1561360,1.3,SNAP,1.85,Other Nutrition Program,0.532567761,0.152412,0.315148332,0.209,523470,0.69,0.31,2.93,781043000,2016,1/1/2016,10301890,7581550.57
15,Hawaii,HI,0.118,168030,2,"SNAP, Other Nutrition Programs",2,"SNAP, Other Nutrition Programs",0.554960424,,0.445039576,0.178,54650,0.46,0.54,3.27,93916000,2016,1/1/2016,1427559,6578782.383
16,Idaho,ID,0.132,221800,1.3,SNAP,1.85,Other Nutrition Program,0.489900812,0.170649234,0.339449955,0.167,72840,0.68,0.32,2.93,111122000,2016,1/1/2016,1682380,6605047.611
17,Illinois,IL,0.11,1413420,1.65,SNAP,1.85,Other Nutrition Program,0.644734049,0.057180456,0.298142095,0.157,459330,0.68,0.32,2.77,669207000,2016,1/1/2016,12820527,5219808.827
18,Indiana,IN,0.137,910870,1.3,SNAP,1.85,Other Nutrition Program,0.5395501,0.148144082,0.312525388,0.177,279840,0.71,0.29,2.62,408203000,2016,1/1/2016,6634304,6152913.704
19,Iowa,IA,0.115,360540,1.6,SNAP,1.85,Other Nutrition Program,0.526904088,0.044294669,0.428828979,0.159,115890,0.57,0.43,2.72,167753000,2016,1/1/2016,3131371,5357174.222
20,Kansas,KS,0.129,375360,1.3,SNAP,1.85,Other Nutrition Program,0.474078218,0.158994032,0.366394928,0.183,131130,0.66,0.34,2.89,185071000,2016,1/1/2016,2910844,6357984.145
21,Kentucky,KY,0.155,685830,1.3,SNAP,1.85,Other Nutrition Program,0.585247073,0.111864456,0.302786405,0.192,194440,0.74,0.26,2.7,316518000,2016,1/1/2016,4438182,7131703.927
22,Louisiana,LA,0.167,783400,1.3,SNAP,1.85,Other Nutrition Program,0.592711259,0.106242022,0.301085014,0.231,258630,0.69,0.31,2.89,387408000,2016,1/1/2016,4678135,8281248.831
23,Maine,ME,0.138,183310,1.85,"SNAP, Other Nutrition Programs",1.85,"SNAP, Other Nutrition Programs",0.599749059,,0.400250941,0.198,50520,0.64,0.36,3.45,108086000,2016,1/1/2016,1331317,8118727.546
24,Maryland,MD,0.111,665420,2,"SNAP, Other Nutrition Programs",2,"SNAP, Other Nutrition Programs",0.613717652,,0.386297376,0.153,205890,0.58,0.42,3.1,352619000,2016,1/1/2016,6003323,5873730.266
25,Massachusetts,MA,0.096,652760,2,"SNAP, Other Nutrition Programs",2,"SNAP, Other Nutrition Programs",0.652674796,,0.347355843,0.121,167450,0.65,0.35,3.38,376759000,2016,1/1/2016,6823608,5521404.512
26,Michigan,MI,0.142,1414700,2,"SNAP, Other Nutrition Programs",2,"SNAP, Other Nutrition Programs",0.729978087,,0.270028981,0.163,356930,0.69,0.31,2.81,678813000,2016,1/1/2016,9950571,6821849.721
27,Minnesota,MN,0.092,508630,1.65,SNAP,1.85,Other Nutrition Program,0.609382066,0.018146786,0.372510469,0.127,163070,0.7,0.3,2.97,258531000,2016,1/1/2016,5522744,4681205.575
28,Mississippi,MS,0.201,600840,1.3,SNAP,1.85,Other Nutrition Program,0.56437654,0.135909726,0.299630517,0.244,176580,0.71,0.29,2.97,304654000,2016,1/1/2016,2987938,10196128.57
29,Missouri,MO,0.147,896570,1.3,SNAP,1.85,Other Nutrition Program,0.50066364,0.159942893,0.339505002,0.174,241830,0.66,0.34,2.8,429074000,2016,1/1/2016,6087135,7048866.174
30,Montana,MT,0.123,128740,2,"SNAP, Other Nutrition Programs",2,"SNAP, Other Nutrition Programs",0.683004505,,0.316995495,0.17,38810,0.63,0.37,2.91,64053000,2016,1/1/2016,1040859,6153859.456
31,Nebraska,NE,0.119,227350,1.3,SNAP,1.85,Other Nutrition Program,0.436111722,0.12214647,0.441873763,0.173,82070,0.6,0.4,2.83,109894000,2016,1/1/2016,1905616,5766849.145
32,Nevada,NV,0.127,372820,2,"SNAP, Other Nutrition Programs",2,"SNAP, Other Nutrition Programs",0.759884126,,0.240115874,0.205,138880,0.63,0.37,3.01,191725000,2016,1/1/2016,2917563,6571409.084
33,New Hampshire,NH,0.09,119770,1.85,"SNAP, Other Nutrition Programs",1.85,"SNAP, Other Nutrition Programs",0.491859397,,0.508140603,0.114,29740,0.53,0.47,3.25,66449000,2016,1/1/2016,1342307,4950357.854
34,New Jersey,NJ,0.103,919030,1.85,"SNAP, Other Nutrition Programs",1.85,"SNAP, Other Nutrition Programs",0.673917065,,0.326082935,0.135,268080,0.7,0.3,3.16,495839000,2016,1/1/2016,8870827,5589546.499
35,New Mexico,NM,0.158,327930,1.65,SNAP,1.85,Other Nutrition Program,0.728265179,0.020827616,0.250907206,0.256,125210,0.74,0.26,2.86,160282000,2016,1/1/2016,2091630,7663018.794
36,New York,NY,0.119,2352940,2,"SNAP, Other Nutrition Programs",2,"SNAP, Other Nutrition Programs",0.741276871,,0.258735879,0.179,750000,0.67,0.33,3.09,1242696000,2016,1/1/2016,19633428,6329490.703
37,North Carolina,NC,0.154,1565910,2,"SNAP, Other Nutrition Programs",2,"SNAP, Other Nutrition Programs",0.718221354,,0.281785032,0.209,479220,0.71,0.29,2.88,770900000,2016,1/1/2016,10154788,7591492.801
38,North Dakota,ND,0.074,55710,2,"SNAP, Other Nutrition Programs",2,"SNAP, Other Nutrition Programs",0.633997487,,0.366002513,0.094,16440,0.58,0.42,3.06,29141000,2016,1/1/2016,754434,3862630.793
39,Ohio,OH,0.151,1758310,1.3,SNAP,1.85,Other Nutrition Program,0.526647747,0.117948485,0.355472016,0.203,528960,0.66,0.34,2.76,829430000,2016,1/1/2016,11634370,7129135.484
40,Oklahoma,OK,0.162,635740,1.3,SNAP,1.85,Other Nutrition Program,0.517098185,0.149526536,0.333170793,0.227,218770,0.66,0.34,2.88,313377000,2016,1/1/2016,3926331,7981420.823
41,Oregon,OR,0.129,527370,1.85,"SNAP, Other Nutrition Programs",1.85,"SNAP, Other Nutrition Programs",0.70360468,,0.29639532,0.2,173780,0.63,0.37,2.93,264279000,2016,1/1/2016,4089976,6461627.159
42,Pennsylvania,PA,0.125,1599520,1.6,SNAP,1.85,Other Nutrition Program,0.584925478,0.041718766,0.373261979,0.169,452690,0.66,0.34,3.01,821658000,2016,1/1/2016,12782275,6428104.543
44,Rhode Island,RI,0.121,128330,1.85,"SNAP, Other Nutrition Programs",1.85,"SNAP, Other Nutrition Programs",0.655107925,,0.344892075,0.174,36230,0.74,0.26,3.12,68489000,2016,1/1/2016,1056770,6480975.047
45,South Carolina,SC,0.139,687880,1.3,SNAP,1.85,Other Nutrition Program,0.545109612,0.156815142,0.298177008,0.189,207840,0.67,0.33,2.86,335759000,2016,1/1/2016,4957968,6772109.058
46,South Dakota,SD,0.117,100990,1.3,SNAP,1.85,Other Nutrition Program,0.47301713,0.127042281,0.400039608,0.165,35360,0.63,0.37,3.01,51929000,2016,1/1/2016,862996,6017293.244
47,Tennessee,TN,0.145,967430,1.3,SNAP,1.85,Other Nutrition Program,0.554314007,0.162926517,0.282676783,0.197,295570,0.71,0.29,3,496487000,2016,1/1/2016,6646010,7470452.196
48,Texas,TX,0.154,4277540,1.65,SNAP,1.85,Other Nutrition Program,0.637572062,0.032425179,0.330112635,0.23,1676740,0.66,0.34,2.67,1953920000,2016,1/1/2016,27914410,6999682.243
49,Utah,UT,0.125,382490,1.3,SNAP,1.85,Other Nutrition Program,0.442024628,0.134931632,0.423252896,0.154,142320,0.53,0.47,2.82,184235000,2016,1/1/2016,3041868,6056640.196
50,Vermont,VT,0.121,75360,1.85,"SNAP, Other Nutrition Programs",1.85,"SNAP, Other Nutrition Programs",0.585987261,,0.414012739,0.157,18620,0.58,0.42,3.39,43688000,2016,1/1/2016,623657,7005132.629
51,Virginia,VA,0.106,893720,1.3,SNAP,1.85,Other Nutrition Program,0.491283624,0.136731862,0.371995703,0.133,249170,0.64,0.36,3.07,468094000,2016,1/1/2016,8410106,5565851.37
53,Washington,WA,0.12,872720,2,"SNAP, Other Nutrition Programs",2,"SNAP, Other Nutrition Programs",0.670260794,,0.329762123,0.175,284480,0.61,0.39,3.01,448899000,2016,1/1/2016,7294771,6153709.28
54,West Virginia,WV,0.146,267280,1.3,SNAP,1.85,Other Nutrition Program,0.543362766,0.129190362,0.327446872,0.202,75970,0.72,0.28,2.77,126636000,2016,1/1/2016,1831023,6916133.768
55,Wisconsin,WI,0.105,609360,2,"SNAP, Other Nutrition Programs",2,"SNAP, Other Nutrition Programs",0.693317579,,0.306682421,0.16,205660,0.64,0.36,2.79,290129000,2016,1/1/2016,5772628,5025943.123
56,Wyoming,WY,0.126,73830,1.3,SNAP,1.85,Other Nutrition Program,0.41500745,0.159962075,0.425030475,0.167,23500,0.56,0.44,3.06,38653000,2016,1/1/2016,584215,6616228.614
1,Alabama,AL,0.185695921,895430,1.3,SNAP,1.85,Other Nutrition Program,0.53349976,0.184745173,0.281755067,0.257748839,289960,0.74,0.26,2.745305551,430525000,2012,1/1/2012,4815588,8940237.412
2,Alaska,AK,0.139695317,102180,1.3,SNAP,1.85,Other Nutrition Program,0.447,0.182,0.371,0.195685259,36650,0.61,0.39,3.109926466,55653000,2012,1/1/2012,730443,7619075
4,Arizona,AZ,0.178471614,1169570,1.85,"SNAP, Other Nutrition Programs",1.85,"SNAP, Other Nutrition Programs",0.693142916,0,0.306857084,0.282025334,456760,0.71,0.29,2.571498816,526731000,2012,1/1/2012,6554978,8035587.61
5,Arkansas,AR,0.194304695,573030,1.3,SNAP,1.85,Other Nutrition Program,0.543239691,0.166370574,0.290119365,0.276763595,196950,0.73,0.27,2.596393535,260570000,2012,1/1/2012,2952164,8826406.663
6,California,CA,0.162443683,6179590,1.3,SNAP,1.85,Other Nutrition Program,0.58096374,0.157593416,0.261335315,0.262629141,2426510,0.71,0.29,2.802368652,3032920000,2012,1/1/2012,37948800,7992136.774
8,Colorado,CO,0.145680589,755730,1.3,SNAP,1.85,Other Nutrition Program,0.482288317,0.163109007,0.354922168,0.212872988,262110,0.64,0.36,2.837368097,375542000,2012,1/1/2012,5192647,7232188.131
9,Connecticut,CT,0.138833377,498460,1.85,"SNAP, Other Nutrition Programs",1.85,"SNAP, Other Nutrition Programs",0.54321422,0,0.45678578,0.195998567,155380,0.57,0.43,2.922211771,255104000,2012,1/1/2012,3594547,7096972.164
10,Delaware,DE,0.130303176,119500,2,"SNAP, Other Nutrition Programs",2,"SNAP, Other Nutrition Programs",0.654,0,0.346,0.182661526,37430,0.74,0.26,2.885093524,60381000,2012,1/1/2012,915179,6597725.691
11,District of Columbia,DC,0.144767785,91540,2,"SNAP, Other Nutrition Programs",2,"SNAP, Other Nutrition Programs",0.704,0,0.296,0.279611154,30600,0.68,0.32,3.77264486,60483000,2012,1/1/2012,634924,9526022.012
12,Florida,FL,0.178501766,3448220,2,"SNAP, Other Nutrition Programs",2,"SNAP, Other Nutrition Programs",0.734599999,0,0.265400001,0.275895638,1103850,0.7,0.3,2.876338804,1737045000,2012,1/1/2012,19297822,9001248.949
13,Georgia,GA,0.188971814,1874590,1.3,SNAP,1.85,Other Nutrition Program,0.553881633,0.168271793,0.278033837,0.280788878,700780,0.71,0.29,2.704109016,887782000,2012,1/1/2012,9901430,8966199.832
15,Hawaii,HI,0.141692278,197280,2,"SNAP, Other Nutrition Programs",2,"SNAP, Other Nutrition Programs",0.561729167,0,0.438270833,0.239004758,72390,0.52,0.48,2.86400524,98954000,2012,1/1/2012,1394804,7094473.489
16,Idaho,ID,0.157959251,252060,1.3,SNAP,1.85,Other Nutrition Program,0.496738951,0.198304213,0.304466159,0.215956605,91730,0.68,0.32,2.690148656,118756000,2012,1/1/2012,1595324,7444005.105
17,Illinois,IL,0.142429024,1833810,1.3,SNAP,1.85,Other Nutrition Program,0.514984388,0.155678958,0.32924785,0.21610773,661950,0.67,0.33,2.46484647,791626000,2012,1/1/2012,12882510,6144967.091
18,Indiana,IN,0.156585238,1023650,1.3,SNAP,1.85,Other Nutrition Program,0.541469467,0.148389557,0.31039874,0.217519106,345730,0.71,0.29,2.428069867,435300000,2012,1/1/2012,6537703,6658301.853
19,Iowa,IA,0.126775023,389730,1.6,SNAP,1.85,Other Nutrition Program,0.523934673,0.077606907,0.398206759,0.19261872,139200,0.56,0.44,2.466657653,168364000,2012,1/1/2012,3076190,5473133.974
20,Kansas,KS,0.147908542,426850,1.3,SNAP,1.85,Other Nutrition Program,0.500851564,0.151919784,0.347490547,0.225161762,162400,0.68,0.32,2.613956787,195411000,2012,1/1/2012,2885257,6772741.562
21,Kentucky,KY,0.166760455,730480,1.3,SNAP,1.85,Other Nutrition Program,0.58022132,0.135760349,0.283854685,0.216284422,220170,0.74,0.26,2.50990135,321101000,2012,1/1/2012,4386346,7320466.739
22,Louisiana,LA,0.169104323,778200,1.3,SNAP,1.85,Other Nutrition Program,0.575243202,0.148647006,0.275956451,0.234076832,261960,0.72,0.28,2.726650817,371618000,2012,1/1/2012,4600972,8076945.48
23,Maine,ME,0.154981372,206000,1.85,"SNAP, Other Nutrition Programs",1.85,"SNAP, Other Nutrition Programs",0.636830437,0,0.363169563,0.24136518,64200,0.69,0.31,3.087551291,111393000,2012,1/1/2012,1327729,8389739.171
24,Maryland,MD,0.131394634,773200,2,"SNAP, Other Nutrition Programs",2,"SNAP, Other Nutrition Programs",0.590448939,0,0.409551061,0.193104655,259330,0.57,0.43,2.867000238,388236000,2012,1/1/2012,5886992,6594811.068
25,Massachusetts,MA,0.118835824,789800,2,"SNAP, Other Nutrition Programs",2,"SNAP, Other Nutrition Programs",0.63113273,0,0.36886727,0.165759979,232270,0.62,0.38,3.041447399,420701000,2012,1/1/2012,6663005,6313982.955
26,Michigan,MI,0.167964134,1660050,2,"SNAP, Other Nutrition Programs",2,"SNAP, Other Nutrition Programs",0.735018656,0,0.264981344,0.223022522,505730,0.68,0.32,2.535203752,737072000,2012,1/1/2012,9897145,7447319.404
27,Minnesota,MN,0.107465154,578070,1.65,SNAP,1.85,Other Nutrition Program,0.588980591,0.052682167,0.358532115,0.161143371,205910,0.65,0.35,2.708997876,274262000,2012,1/1/2012,5376643,5100989.595
28,Mississippi,MS,0.223050756,665790,1.3,SNAP,1.85,Other Nutrition Program,0.594243155,0.158511723,0.246928025,0.28717922,214720,0.75,0.25,2.786381312,324903000,2012,1/1/2012,2983816,10888841.67
29,Missouri,MO,0.171210902,1031030,1.3,SNAP,1.85,Other Nutrition Program,0.515268712,0.177420967,0.30718498,0.21950038,308110,0.68,0.32,2.531562966,457126000,2012,1/1/2012,6024367,7587950.734
30,Montana,MT,0.145830286,146580,2,"SNAP, Other Nutrition Programs",2,"SNAP, Other Nutrition Programs",0.679,0,0.321,0.220314345,48500,0.64,0.36,2.661732332,68331000,2012,1/1/2012,1003783,6807347.803
31,Nebraska,NE,0.133708789,248100,1.3,SNAP,1.85,Other Nutrition Program,0.44010653,0.146089359,0.413804111,0.206749323,95680,0.62,0.39,2.571040512,111715000,2012,1/1/2012,1853303,6027886.428
32,Nevada,NV,0.168213703,464090,2,"SNAP, Other Nutrition Programs",2,"SNAP, Other Nutrition Programs",0.753128682,0,0.246871318,0.280517502,186380,0.69,0.31,2.641166996,214671000,2012,1/1/2012,2743996,7823298.576
33,New Hampshire,NH,0.10925118,144290,1.85,"SNAP, Other Nutrition Programs",1.85,"SNAP, Other Nutrition Programs",0.528807679,0,0.471192321,0.161568893,44440,0.55,0.45,2.92455322,73905000,2012,1/1/2012,1324232,5580970.706
34,New Jersey,NJ,0.12994284,1151890,1.85,"SNAP, Other Nutrition Programs",1.85,"SNAP, Other Nutrition Programs",0.619838943,0,0.380161057,0.185142826,375240,0.64,0.36,2.977814894,600738000,2012,1/1/2012,8844942,6791881.733
35,New Mexico,NM,0.185611578,387100,1.65,SNAP,1.85,Other Nutrition Program,0.693051821,0.058135753,0.248812426,0.291539368,150390,0.76,0.24,2.591263554,175675000,2012,1/1/2012,2087309,8416338.932
36,New York,NY,0.140965928,2758740,2,"SNAP, Other Nutrition Programs",2,"SNAP, Other Nutrition Programs",0.734556392,0,0.265443608,0.217588084,927150,0.67,0.33,2.81313867,1359183000,2012,1/1/2012,19572932,6944197.221
37,North Carolina,NC,0.185998403,1813870,2,"SNAP, Other Nutrition Programs",2,"SNAP, Other Nutrition Programs",0.731663747,0,0.268336253,0.266572008,608850,0.72,0.28,2.689595388,854416000,2012,1/1/2012,9749476,8763712.019
38,North Dakota,ND,0.077383981,54140,2,"SNAP, Other Nutrition Programs",2,"SNAP, Other Nutrition Programs",0.598,0,0.402,0.106114291,16350,0.51,0.49,2.720898707,25799000,2012,1/1/2012,701176,3679390.053
39,Ohio,OH,0.171702301,1982170,1.3,SNAP,1.85,Other Nutrition Program,0.536307012,0.141174571,0.322398023,0.252297715,671090,0.67,0.33,2.500162265,867931000,2012,1/1/2012,11548923,7515254.886
40,Oklahoma,OK,0.172039572,656300,1.3,SNAP,1.85,Other Nutrition Program,0.527130215,0.161502392,0.311367393,0.255672424,239380,0.67,0.33,2.661532278,305922000,2012,1/1/2012,3818814,8010916.478
41,Oregon,OR,0.167463679,653000,1.85,"SNAP, Other Nutrition Programs",1.85,"SNAP, Other Nutrition Programs",0.719595176,0,0.280404824,0.273495317,235410,0.68,0.32,2.648012413,302837000,2012,1/1/2012,3899001,7767040.839
42,Pennsylvania,PA,0.143277694,1828730,1.6,SNAP,1.85,Other Nutrition Program,0.558087771,0.076085808,0.365935792,0.205581902,562770,0.66,0.34,2.746643398,879686000,2012,1/1/2012,12767118,6890247.274
44,Rhode Island,RI,0.146568764,153940,1.85,"SNAP, Other Nutrition Programs",1.85,"SNAP, Other Nutrition Programs",0.623487982,0,0.376512018,0.21271006,46150,0.68,0.32,2.933060781,79077000,2012,1/1/2012,1054621,7498143.883
45,South Carolina,SC,0.179644319,848590,1.3,SNAP,1.85,Other Nutrition Program,0.555352019,0.183425706,0.261556405,0.263534991,284880,0.71,0.29,2.610631081,387989000,2012,1/1/2012,4717354,8224716.653
46,South Dakota,SD,0.123428939,102860,1.3,SNAP,1.85,Other Nutrition Program,0.457,0.162,0.381,0.184960484,37770,0.62,0.38,2.742522965,49405000,2012,1/1/2012,833566,5926945.197
47,Tennessee,TN,0.170656526,1101800,1.3,SNAP,1.85,Other Nutrition Program,0.548902723,0.185729661,0.265571447,0.24663419,368530,0.73,0.27,2.769049894,534330000,2012,1/1/2012,6453898,8279182.596
48,Texas,TX,0.183192479,4773850,1.65,SNAP,1.85,Other Nutrition Program,0.665651834,0.073436786,0.260927132,0.273516994,1909470,0.7,0.3,2.400727078,2007186000,2012,1/1/2012,26084481,7694943.212
49,Utah,UT,0.155441467,443830,1.3,SNAP,1.85,Other Nutrition Program,0.470149224,0.175023162,0.355083455,0.206631514,183320,0.62,0.38,2.52786866,196493000,2012,1/1/2012,2853375,6886336.356
50,Vermont,VT,0.133591902,83630,1.85,"SNAP, Other Nutrition Programs",1.85,"SNAP, Other Nutrition Programs",0.628,0,0.372,0.197975607,24530,0.63,0.37,3.064461279,44884000,2012,1/1/2012,626090,7168937.373
51,Virginia,VA,0.121371383,993530,1.3,SNAP,1.85,Other Nutrition Program,0.477827987,0.183443459,0.338724669,0.161539863,299600,0.62,0.38,2.861861271,497973000,2012,1/1/2012,8185080,6083911.214
53,Washington,WA,0.149551719,1031460,2,"SNAP, Other Nutrition Programs",2,"SNAP, Other Nutrition Programs",0.672790394,0,0.327209606,0.233671434,370380,0.63,0.37,2.691471331,486204000,2012,1/1/2012,6897058,7049440.501
54,West Virginia,WV,0.14998278,278280,1.3,SNAP,1.85,Other Nutrition Program,0.52094006,0.153047147,0.326012793,0.216503566,83190,0.68,0.32,2.594902504,126468000,2012,1/1/2012,1856872,6810808.715
55,Wisconsin,WI,0.126496621,724370,2,"SNAP, Other Nutrition Programs",2,"SNAP, Other Nutrition Programs",0.694782445,0,0.305217555,0.207432694,273140,0.64,0.36,2.472273955,313641000,2012,1/1/2012,5719960,5483272.61
56,Wyoming,WY,0.13004587,74960,1.3,SNAP,1.85,Other Nutrition Program,0.414,0.167,0.419,0.191691677,26190,0.5,0.5,2.777973807,36470000,2012,1/1/2012,576305,6328246.328
1,Alabama,AL,0.163,,1.3,SNAP,1.85,Other Nutrition Program,0.519101237,0.160626319,0.320285011,0.223,243880,,,2.98,404180000,2017,1/1/2017,4874486,8291746.043
2,Alaska,AK,0.136,,1.3,SNAP,1.85,Other Nutrition Program,0.445020437,0.152028711,0.404047453,0.187,34690,,,3.37,57721000,2017,1/1/2017,739700,7803298.635
4,Arizona,AZ,0.14,,1.85,"SNAP, Other Nutrition Programs",1.85,"SNAP, Other Nutrition Programs",0.648345027,,0.351654973,0.213,348550,,,2.89,482358000,2017,1/1/2017,7044008,6847777.572
5,Arkansas,AR,0.173,,1.3,SNAP,1.85,Other Nutrition Program,0.5058386,0.172113458,0.322028673,0.236,167440,,,2.79,246939000,2017,1/1/2017,3001345,8227611.288
6,California,CA,0.11,,2,"SNAP, Other Nutrition Programs",2,"SNAP, Other Nutrition Programs",0.753063568,,0.246945618,0.181,1638430,,,3.2,2381146000,2017,1/1/2017,39358497,6049890.574
8,Colorado,CO,0.106,,2,"SNAP, Other Nutrition Programs",2,"SNAP, Other Nutrition Programs",0.651614527,,0.348419022,0.14,177360,,,3.24,329732000,2017,1/1/2017,5611885,5875601.514
9,Connecticut,CT,0.113,,1.85,"SNAP, Other Nutrition Programs",1.85,"SNAP, Other Nutrition Programs",0.562498464,,0.437526118,0.155,115240,,,3.27,227321000,2017,1/1/2017,3573297,6361659.834
10,Delaware,DE,0.122,,2,"SNAP, Other Nutrition Programs",2,"SNAP, Other Nutrition Programs",0.659989772,,0.340010228,0.17,34750,,,3.12,62450000,2017,1/1/2017,956823,6526807.989
11,District of Columbia,DC,0.11,,2,"SNAP, Other Nutrition Programs",2,"SNAP, Other Nutrition Programs",0.722011757,,0.277988243,0.212,26450,,,3.95,51543000,2017,1/1/2017,694906,7417262.191
12,Florida,FL,0.134,,2,"SNAP, Other Nutrition Programs",2,"SNAP, Other Nutrition Programs",0.72314796,,0.276869854,0.204,854880,,,3.22,1540091000,2017,1/1/2017,20963613,7346496.045
13,Georgia,GA,0.144,,1.3,SNAP,1.85,Other Nutrition Program,0.509882265,0.161166161,0.32898487,0.2,503370,,,2.93,749671000,2017,1/1/2017,10410330,7201222.248
15,Hawaii,HI,0.113,,2,"SNAP, Other Nutrition Programs",2,"SNAP, Other Nutrition Programs",0.517641223,,0.482358777,0.175,53540,,,3.3,90737000,2017,1/1/2017,1424393,6370222.263
16,Idaho,ID,0.123,,1.3,SNAP,1.85,Other Nutrition Program,0.457085828,0.180923867,0.362085353,0.158,69920,,,2.94,105626000,2017,1/1/2017,1717715,6149215.673
17,Illinois,IL,0.109,,1.65,SNAP,1.85,Other Nutrition Program,0.625615164,0.025494817,0.349011798,0.157,453260,,,2.8,668124000,2017,1/1/2017,12778828,5228366.795
18,Indiana,IN,0.133,,1.3,SNAP,1.85,Other Nutrition Program,0.517084334,0.141262809,0.341461215,0.174,273380,,,2.62,396443000,2017,1/1/2017,6658078,5954315.945
19,Iowa,IA,0.109,,1.6,SNAP,1.85,Other Nutrition Program,0.523969698,0.04884612,0.426920939,0.153,111520,,,2.7,157367000,2017,1/1/2017,3141550,5009215.196
20,Kansas,KS,0.127,,1.3,SNAP,1.85,Other Nutrition Program,0.447176832,0.153831635,0.399234212,0.183,130210,,,2.86,181199000,2017,1/1/2017,2908718,6229514.171
21,Kentucky,KY,0.149,,1.3,SNAP,1.85,Other Nutrition Program,0.56045051,0.107856755,0.331571955,0.184,186660,,,2.66,300483000,2017,1/1/2017,4452268,6748987.258
22,Louisiana,LA,0.165,,1.3,SNAP,1.85,Other Nutrition Program,0.591122311,0.116366221,0.292524391,0.23,255640,,,3.01,396905000,2017,1/1/2017,4670560,8498017.368
23,Maine,ME,0.129,,1.85,"SNAP, Other Nutrition Programs",1.85,"SNAP, Other Nutrition Programs",0.567911961,,0.432088039,0.185,47020,,,3.5,103223000,2017,1/1/2017,1334612,7734307.799
24,Maryland,MD,0.107,,2,"SNAP, Other Nutrition Programs",2,"SNAP, Other Nutrition Programs",0.628068287,,0.371931713,0.152,204660,,,3.14,347927000,2017,1/1/2017,6023868,5775807.172
25,Massachusetts,MA,0.09,,2,"SNAP, Other Nutrition Programs",2,"SNAP, Other Nutrition Programs",0.667759581,,0.332256651,0.117,159950,,,3.55,373245000,2017,1/1/2017,6859789,5441056.569
26,Michigan,MI,0.137,,2,"SNAP, Other Nutrition Programs",2,"SNAP, Other Nutrition Programs",0.715837137,,0.284177469,0.159,345130,,,2.79,652838000,2017,1/1/2017,9973114,6545979.521
27,Minnesota,MN,0.091,,1.65,SNAP,1.85,Other Nutrition Program,0.573341786,0.027656708,0.398961883,0.126,163310,,,3,258233000,2017,1/1/2017,5566230,4639280.087
28,Mississippi,MS,0.192,,1.3,SNAP,1.85,Other Nutrition Program,0.54421994,0.140914559,0.314882934,0.229,163530,,,2.93,286997000,2017,1/1/2017,2988510,9603347.488
29,Missouri,MO,0.142,,1.3,SNAP,1.85,Other Nutrition Program,0.487196672,0.148301364,0.364317079,0.175,243110,,,2.78,409933000,2017,1/1/2017,6106670,6712872.973
30,Montana,MT,0.111,,2,"SNAP, Other Nutrition Programs",2,"SNAP, Other Nutrition Programs",0.663021013,,0.336978987,0.161,36910,,,2.96,58669000,2017,1/1/2017,1052482,5574347.115
31,Nebraska,NE,0.116,,1.3,SNAP,1.85,Other Nutrition Program,0.422951114,0.143388448,0.433660438,0.174,82370,,,2.83,107760000,2017,1/1/2017,1915947,5624372.699
32,Nevada,NV,0.122,,2,"SNAP, Other Nutrition Programs",2,"SNAP, Other Nutrition Programs",0.722286121,,0.277713879,0.2,136800,,,3.05,190010000,2017,1/1/2017,2969905,6397847.743
33,New Hampshire,NH,0.091,,1.85,"SNAP, Other Nutrition Programs",1.85,"SNAP, Other Nutrition Programs",0.479814423,,0.520185577,0.123,31640,,,3.31,69502000,2017,1/1/2017,1348787,5152926.296
34,New Jersey,NJ,0.096,,1.85,"SNAP, Other Nutrition Programs",1.85,"SNAP, Other Nutrition Programs",0.654221042,,0.345778958,0.132,260340,,,3.24,478385000,2017,1/1/2017,8885525,5383868.708
35,New Mexico,NM,0.155,,1.65,SNAP,1.85,Other Nutrition Program,0.695277778,0.034166667,0.270246914,0.241,118030,,,2.87,158536000,2017,1/1/2017,2091784,7578985.211
36,New York,NY,0.114,,2,"SNAP, Other Nutrition Programs",2,"SNAP, Other Nutrition Programs",0.746971808,,0.253037037,0.176,732300,,,3.14,1210704000,2017,1/1/2017,19589572,6180349.423
37,North Carolina,NC,0.146,,2,"SNAP, Other Nutrition Programs",2,"SNAP, Other Nutrition Programs",0.696650145,,0.303363162,0.201,461630,,,2.87,735321000,2017,1/1/2017,10268233,7161124.996
38,North Dakota,ND,0.073,,2,"SNAP, Other Nutrition Programs",2,"SNAP, Other Nutrition Programs",0.618059348,,0.381940652,0.098,16900,,,3.07,28813000,2017,1/1/2017,754942,3816584.585
39,Ohio,OH,0.145,,1.3,SNAP,1.85,Other Nutrition Program,0.505168715,0.127288095,0.36753728,0.196,510030,,,2.76,797169000,2017,1/1/2017,11659650,6836989.103
40,Oklahoma,OK,0.158,,1.3,SNAP,1.85,Other Nutrition Program,0.489949627,0.163783253,0.3463154,0.222,213720,,,2.87,304698000,2017,1/1/2017,3931316,7750534.427
41,Oregon,OR,0.123,,1.85,"SNAP, Other Nutrition Programs",1.85,"SNAP, Other Nutrition Programs",0.679834536,,0.320165464,0.189,165290,,,2.97,258439000,2017,1/1/2017,4143625,6237026.758
42,Pennsylvania,PA,0.12,,1.6,SNAP,1.85,Other Nutrition Program,0.569364896,0.033074653,0.397651674,0.164,437340,,,3.04,797438000,2017,1/1/2017,12787641,6236005.531
44,Rhode Island,RI,0.114,,1.85,"SNAP, Other Nutrition Programs",1.85,"SNAP, Other Nutrition Programs",0.614893441,,0.385106559,0.173,35760,,,3.23,66402000,2017,1/1/2017,1055673,6290015.942
45,South Carolina,SC,0.135,,1.3,SNAP,1.85,Other Nutrition Program,0.547905116,0.15186988,0.300254416,0.183,202110,,,2.8,324978000,2017,1/1/2017,5021268,6472030.571
46,South Dakota,SD,0.114,,1.3,SNAP,1.85,Other Nutrition Program,0.454985382,0.118963605,0.426051013,0.164,34970,,,3.02,51050000,2017,1/1/2017,872868,5848536.09
47,Tennessee,TN,0.139,,1.3,SNAP,1.85,Other Nutrition Program,0.536995216,0.150356948,0.312465884,0.189,285770,,,2.96,472085000,2017,1/1/2017,6708799,7036803.458
48,Texas,TX,0.149,,1.65,SNAP,1.85,Other Nutrition Program,0.612381357,0.033747721,0.353911231,0.225,1658680,,,2.71,1949246000,2017,1/1/2017,28295273,6888945.726
49,Utah,UT,0.121,,1.3,SNAP,1.85,Other Nutrition Program,0.399679016,0.142597298,0.457750435,0.147,135940,,,2.81,179279000,2017,1/1/2017,3101042,5781250.302
50,Vermont,VT,0.119,,1.85,"SNAP, Other Nutrition Programs",1.85,"SNAP, Other Nutrition Programs",0.595947397,,0.404052603,0.159,18760,,,3.38,42994000,2017,1/1/2017,624344,6886267.827
51,Virginia,VA,0.102,,1.3,SNAP,1.85,Other Nutrition Program,0.483709563,0.135280696,0.381241386,0.132,247470,,,3.03,446691000,2017,1/1/2017,8463587,5277797.7
53,Washington,WA,0.115,,2,"SNAP, Other Nutrition Programs",2,"SNAP, Other Nutrition Programs",0.649077139,,0.350922861,0.173,284760,,,3.04,440879000,2017,1/1/2017,7423362,5939074.506
54,West Virginia,WV,0.148,,2,"SNAP, Other Nutrition Programs",2,"SNAP, Other Nutrition Programs",0.687208565,,0.312791435,0.206,76970,,,2.71,123886000,2017,1/1/2017,1817004,6818146.795
55,Wisconsin,WI,0.1,,2,"SNAP, Other Nutrition Programs",2,"SNAP, Other Nutrition Programs",0.689755912,,0.310278661,0.154,197290,,,2.77,273911000,2017,1/1/2017,5790186,4730607.963
56,Wyoming,WY,0.123,,1.3,SNAP,1.85,Other Nutrition Program,0.397973543,0.143962848,0.458063608,0.174,23960,,,3.05,36970000,2017,1/1/2017,578931,6385907.82
1,Alabama,AL,0.17,,1.3,SNAP,1.85,Other Nutrition Program,0.508936109,0.160210801,0.331009865,0.231,251800,,,3.02,423745000,2018,1/1/2018,4887681,8669653.359
2,Alaska,AK,0.129,,1.3,SNAP,1.85,Other Nutrition Program,0.466960815,0.154007774,0.379031411,0.181,33200,,,3.6,57930000,2018,1/1/2018,735139,7880142.395
4,Arizona,AZ,0.131,,1.85,"SNAP, Other Nutrition Programs",1.85,"SNAP, Other Nutrition Programs",0.676496319,,0.32351435,0.19,311390,,,2.93,465259000,2018,1/1/2018,7158024,6499824.533
5,Arkansas,AR,0.173,,1.3,SNAP,1.85,Other Nutrition Program,0.53140041,0.150932904,0.317915972,0.231,162270,,,2.77,244364000,2018,1/1/2018,3009733,8119125.517
6,California,CA,0.108,,2,"SNAP, Other Nutrition Programs",2,"SNAP, Other Nutrition Programs",0.759680602,,0.240319398,0.152,1362340,,,3.28,2385968000,2018,1/1/2018,39461588,6046305.08
8,Colorado,CO,0.099,,2,"SNAP, Other Nutrition Programs",2,"SNAP, Other Nutrition Programs",0.659587989,,0.340412011,0.122,155120,,,3.29,315489000,2018,1/1/2018,5691287,5543368.31
9,Connecticut,CT,0.119,,1.85,"SNAP, Other Nutrition Programs",1.85,"SNAP, Other Nutrition Programs",0.567272983,,0.432727017,0.16,117660,,,3.38,244114000,2018,1/1/2018,3571520,6835017.024
10,Delaware,DE,0.126,,2,"SNAP, Other Nutrition Programs",2,"SNAP, Other Nutrition Programs",0.637012721,,0.362987279,0.19,38680,,,3.18,65663000,2018,1/1/2018,965479,6801080.086
11,District of Columbia,DC,0.116,,2,"SNAP, Other Nutrition Programs",2,"SNAP, Other Nutrition Programs",0.702948403,,0.297051597,0.191,24280,,,4.08,56189000,2018,1/1/2018,701547,8009299.448
12,Florida,FL,0.13,,2,"SNAP, Other Nutrition Programs",2,"SNAP, Other Nutrition Programs",0.72193767,,0.278073167,0.194,819370,,,3.29,1540830000,2018,1/1/2018,21244317,7252904.389
13,Georgia,GA,0.125,,1.3,SNAP,1.85,Other Nutrition Program,0.478460372,0.158938187,0.362639363,0.162,405380,,,2.99,667166000,2018,1/1/2018,10511131,6347233.233
15,Hawaii,HI,0.112,,2,"SNAP, Other Nutrition Programs",2,"SNAP, Other Nutrition Programs",0.52665996,,0.47334004,0.184,55710,,,3.39,91220000,2018,1/1/2018,1420593,6421262.107
16,Idaho,ID,0.108,,1.3,SNAP,1.85,Other Nutrition Program,0.485023951,0.193767437,0.321261252,0.126,56120,,,3.04,97790000,2018,1/1/2018,1750536,5586288.999
17,Illinois,IL,0.101,,1.65,SNAP,1.85,Other Nutrition Program,0.607448093,0.120229052,0.272361809,0.127,363900,,,2.9,630473000,2018,1/1/2018,12723071,4955352.367
18,Indiana,IN,0.132,,1.3,SNAP,1.85,Other Nutrition Program,0.515544687,0.164096642,0.320403958,0.175,274080,,,2.68,400962000,2018,1/1/2018,6695497,5988532.293
19,Iowa,IA,0.097,,1.6,SNAP,1.85,Other Nutrition Program,0.534480498,0.049033104,0.416486398,0.139,102190,,,2.79,144058000,2018,1/1/2018,3148618,4575277.153
20,Kansas,KS,0.127,,1.3,SNAP,1.85,Other Nutrition Program,0.429291971,0.167285842,0.40339507,0.184,129780,,,2.91,181639000,2018,1/1/2018,2911359,6238976.368
21,Kentucky,KY,0.148,,1.3,SNAP,1.85,Other Nutrition Program,0.543249932,0.131605952,0.325023391,0.189,190600,,,2.68,300629000,2018,1/1/2018,4461153,6738818.418
22,Louisiana,LA,0.161,,1.3,SNAP,1.85,Other Nutrition Program,0.578346101,0.113549314,0.307798702,0.246,269650,,,3.05,387680000,2018,1/1/2018,4659690,8319866.772
23,Maine,ME,0.129,,1.85,"SNAP, Other Nutrition Programs",1.85,"SNAP, Other Nutrition Programs",0.611740236,,0.388259764,0.191,47460,,,3.61,105835000,2018,1/1/2018,1339057,7903696.407
24,Maryland,MD,0.11,,2,"SNAP, Other Nutrition Programs",2,"SNAP, Other Nutrition Programs",0.621141941,,0.378873049,0.161,216070,,,3.2,361501000,2018,1/1/2018,6035802,5989278.641
25,Massachusetts,MA,0.089,,2,"SNAP, Other Nutrition Programs",2,"SNAP, Other Nutrition Programs",0.678123684,,0.321892514,0.101,138760,,,3.63,379733000,2018,1/1/2018,6882635,5517261.921
26,Michigan,MI,0.136,,2,"SNAP, Other Nutrition Programs",2,"SNAP, Other Nutrition Programs",0.685941235,,0.31406612,0.147,318960,,,2.84,653547000,2018,1/1/2018,9984072,6545896.304
27,Minnesota,MN,0.082,,1.65,SNAP,1.85,Other Nutrition Program,0.594102342,0.092302689,0.313421509,0.124,161880,,,3.08,240696000,2018,1/1/2018,5606249,4293351.936
28,Mississippi,MS,0.187,,1.3,SNAP,1.85,Other Nutrition Program,0.530079557,0.119263431,0.350460356,0.23,162150,,,2.9,274731000,2018,1/1/2018,2981020,9216006.602
29,Missouri,MO,0.133,,1.3,SNAP,1.85,Other Nutrition Program,0.475265408,0.129104001,0.395642878,0.152,209870,,,2.87,395122000,2018,1/1/2018,6121623,6454530.114
30,Montana,MT,0.103,,2,"SNAP, Other Nutrition Programs",2,"SNAP, Other Nutrition Programs",0.685020614,,0.314979386,0.159,36560,,,3.02,55846000,2018,1/1/2018,1060665,5265187.406
31,Nebraska,NE,0.123,,1.3,SNAP,1.85,Other Nutrition Program,0.43821597,0.143488881,0.418042453,0.167,79310,,,2.86,114880000,2018,1/1/2018,1925614,5965889.322
32,Nevada,NV,0.128,,2,"SNAP, Other Nutrition Programs",2,"SNAP, Other Nutrition Programs",0.720071057,,0.279954688,0.195,134350,,,3.15,207140000,2018,1/1/2018,3027341,6842308.151
33,New Hampshire,NH,0.093,,1.85,"SNAP, Other Nutrition Programs",1.85,"SNAP, Other Nutrition Programs",0.490723784,,0.509276216,0.133,34280,,,3.4,72230000,2018,1/1/2018,1353465,5336672.91
34,New Jersey,NJ,0.087,,1.85,"SNAP, Other Nutrition Programs",1.85,"SNAP, Other Nutrition Programs",0.668778876,,0.331221124,0.113,219760,,,3.34,437705000,2018,1/1/2018,8886025,4925768.271
35,New Mexico,NM,0.151,,1.65,SNAP,1.85,Other Nutrition Program,0.713946644,0.040444318,0.245292573,0.238,114180,,,2.91,155654000,2018,1/1/2018,2092741,7437805.252
36,New York,NY,0.111,,2,"SNAP, Other Nutrition Programs",2,"SNAP, Other Nutrition Programs",0.747010701,,0.252998532,0.169,685500,,,3.23,1182494000,2018,1/1/2018,19530351,6054647.968
37,North Carolina,NC,0.14,,2,"SNAP, Other Nutrition Programs",2,"SNAP, Other Nutrition Programs",0.716453784,,0.283553083,0.193,443040,,,2.92,719879000,2018,1/1/2018,10381615,6934171.61
38,North Dakota,ND,0.068,,2,"SNAP, Other Nutrition Programs",2,"SNAP, Other Nutrition Programs",0.657043209,,0.342956791,0.096,16700,,,3.11,27186000,2018,1/1/2018,758080,3586165.049
39,Ohio,OH,0.139,,1.3,SNAP,1.85,Other Nutrition Program,0.50315236,0.122443325,0.374576709,0.189,489160,,,2.79,767710000,2018,1/1/2018,11676341,6574919.318
40,Oklahoma,OK,0.151,,1.3,SNAP,1.85,Other Nutrition Program,0.468408119,0.159625677,0.371764231,0.218,208110,,,2.89,290887000,2018,1/1/2018,3940235,7382478.456
41,Oregon,OR,0.119,,1.85,"SNAP, Other Nutrition Programs",1.85,"SNAP, Other Nutrition Programs",0.651855714,,0.348144286,0.16,139220,,,3.13,264260000,2018,1/1/2018,4181886,6319158.389
42,Pennsylvania,PA,0.109,,1.6,SNAP,1.85,Other Nutrition Program,0.580325554,0.102573613,0.317165031,0.151,399270,,,3.11,737258000,2018,1/1/2018,12800922,5759413.267
44,Rhode Island,RI,0.114,,1.85,"SNAP, Other Nutrition Programs",1.85,"SNAP, Other Nutrition Programs",0.624121683,,0.375878317,0.178,36270,,,3.38,69276000,2018,1/1/2018,1058287,6546050.363
45,South Carolina,SC,0.118,,1.3,SNAP,1.85,Other Nutrition Program,0.542135767,0.150456332,0.307507828,0.162,178710,,,2.87,291600000,2018,1/1/2018,5084156,5735465.237
46,South Dakota,SD,0.108,,1.3,SNAP,1.85,Other Nutrition Program,0.474968448,0.143037442,0.38199411,0.165,35330,,,3.01,48379000,2018,1/1/2018,878698,5505759.658
47,Tennessee,TN,0.14,,1.3,SNAP,1.85,Other Nutrition Program,0.536730893,0.14559766,0.317566217,0.177,267110,,,3.03,486768000,2018,1/1/2018,6771631,7188342.07
48,Texas,TX,0.15,,1.65,SNAP,1.85,Other Nutrition Program,0.630754044,0.061388886,0.307885008,0.216,1598940,,,2.64,1920819000,2018,1/1/2018,28628666,6709425.441
49,Utah,UT,0.11,,1.3,SNAP,1.85,Other Nutrition Program,0.383280076,0.166652273,0.449808561,0.121,113190,,,2.91,171029000,2018,1/1/2018,3153550,5423380
50,Vermont,VT,0.113,,1.85,"SNAP, Other Nutrition Programs",1.85,"SNAP, Other Nutrition Programs",0.546047039,,0.453952961,0.152,17550,,,3.5,41756000,2018,1/1/2018,624358,6687829.739
51,Virginia,VA,0.099,,1.3,SNAP,1.85,Other Nutrition Program,0.471365691,0.129723445,0.39881595,0.125,233530,,,3.1,442908000,2018,1/1/2018,8501286,5209894.127
53,Washington,WA,0.107,,2,"SNAP, Other Nutrition Programs",2,"SNAP, Other Nutrition Programs",0.655146254,,0.344853746,0.147,244480,,,3.22,438026000,2018,1/1/2018,7523869,5821818.535
54,West Virginia,WV,0.139,,2,"SNAP, Other Nutrition Programs",2,"SNAP, Other Nutrition Programs",0.693455706,,0.306544294,0.203,73770,,,2.7,114692000,2018,1/1/2018,1804291,6356624.292
55,Wisconsin,WI,0.089,,2,"SNAP, Other Nutrition Programs",2,"SNAP, Other Nutrition Programs",0.674393813,,0.325644952,0.141,179180,,,2.84,248085000,2018,1/1/2018,5807406,4271872.846
56,Wyoming,WY,0.122,,1.3,SNAP,1.85,Other Nutrition Program,0.417044168,0.143969422,0.43799547,0.159,21160,,,3.12,37306000,2018,1/1/2018,577601,6458783.832
